unit,period,outcome,first_treat
0,0,11.278160550821887,0
0,1,11.83561476480023,0
0,2,11.542111740976484,0
0,3,11.716260053270108,0
0,4,12.289790657946211,0
0,5,10.978500951407096,0
0,6,11.426794972896793,0
0,7,11.433938438212763,0
0,8,11.108223077010022,0
0,9,12.035898916856585,0
1,0,8.507481589844117,0
1,1,8.090322606788959,0
1,2,8.431659680951173,0
1,3,8.977373388335643,0
1,4,9.196607706114092,0
1,5,8.598195672617177,0
1,6,9.409557584764945,0
1,7,8.8788279691973,0
1,8,8.514065528066515,0
1,9,8.735564463880879,0
2,0,8.848856627982231,0
2,1,9.245057957397913,0
2,2,9.610116540227525,0
2,3,10.290917393954041,0
2,4,10.849509799847732,0
2,5,9.398034126576219,0
2,6,10.3855386183947,0
2,7,9.768852914685972,0
2,8,10.626473428496341,0
2,9,10.423581558920876,0
3,0,7.184502977255072,0
3,1,8.664104385963078,0
3,2,7.99745553377447,0
3,3,8.13300577099206,0
3,4,7.965079684533992,0
3,5,8.27281425183506,0
3,6,8.913901110526295,0
3,7,8.705333719710634,0
3,8,9.064286891320078,0
3,9,9.18091681714326,0
4,0,9.982264675962957,0
4,1,9.250540772766684,0
4,2,8.783504939776007,0
4,3,10.155545056484867,0
4,4,9.556189762150247,0
4,5,10.379230070487562,0
4,6,10.113622404790108,0
4,7,9.956365083097202,0
4,8,10.296321795222022,0
4,9,11.197440128262024,0
5,0,12.719106539441666,0
5,1,11.81530684248118,0
5,2,11.960711571573327,0
5,3,12.518736353647984,0
5,4,11.657785758531118,0
5,5,12.347151461223918,0
5,6,12.267684850937862,0
5,7,12.537570380643567,0
5,8,12.063931871940088,0
5,9,11.785832528260306,0
6,0,5.508867435619657,0
6,1,6.086667097120499,0
6,2,6.516021511145636,0
6,3,6.698763360290922,0
6,4,7.913974734830062,0
6,5,7.598355838568952,0
6,6,6.664313595444489,0
6,7,7.419213379840782,0
6,8,7.141820035440141,0
6,9,7.303177234595256,0
7,0,10.961510111799406,0
7,1,11.278432845579411,0
7,2,10.899218045149706,0
7,3,11.700773053458894,0
7,4,10.697878174020513,0
7,5,11.372016818272849,0
7,6,12.76768415038963,0
7,7,11.68038715840435,0
7,8,12.385454540394802,0
7,9,11.81460737617832,0
8,0,10.765859752329455,0
8,1,10.54707960746821,0
8,2,10.590267414082453,0
8,3,10.385730006301847,0
8,4,11.090621884143333,0
8,5,10.549702610071673,0
8,6,11.40826382282127,0
8,7,11.71811470688751,0
8,8,11.458736908283171,0
8,9,11.23234683788671,0
9,0,9.03868287826076,0
9,1,8.757363560833204,0
9,2,9.479473651338985,0
9,3,8.19599704649885,0
9,4,9.043896404547088,0
9,5,8.316294091044412,0
9,6,8.664169673492808,0
9,7,10.193631203513366,0
9,8,10.059292579592254,0
9,9,9.351959971964016,0
10,0,6.356632563202642,0
10,1,5.725619872302264,0
10,2,7.036136537256773,0
10,3,8.618091797346791,0
10,4,7.725326426954915,0
10,5,7.328098148198346,0
10,6,7.940424395973243,0
10,7,7.02740511472587,0
10,8,7.759222609874272,0
10,9,8.05762302773096,0
11,0,10.101208689517215,0
11,1,10.63966207627278,0
11,2,10.516581628545765,0
11,3,10.778422024481738,0
11,4,10.20007287431236,0
11,5,11.093166719633013,0
11,6,11.558727489239734,0
11,7,10.359184255602033,0
11,8,10.50041118757046,0
11,9,11.712151183587856,0
12,0,8.845342588524865,0
12,1,9.742925277905673,0
12,2,8.919746725926302,0
12,3,9.968537370007752,0
12,4,9.40675749027512,0
12,5,9.570128993533743,0
12,6,10.323373592707346,0
12,7,9.460129343150308,0
12,8,9.270453533909917,0
12,9,9.616732477858218,0
13,0,10.691519398030977,0
13,1,9.78247288661915,0
13,2,10.984087874034968,0
13,3,10.495966763900537,0
13,4,11.43925875307619,0
13,5,9.768222270259173,0
13,6,10.672069535157323,0
13,7,10.322118347092356,0
13,8,10.852237689527433,0
13,9,11.48918537326388,0
14,0,9.954090978322009,0
14,1,10.017015506572879,0
14,2,10.164111855356856,0
14,3,10.445398411356859,0
14,4,9.939436270075333,0
14,5,10.897129111496412,0
14,6,10.975037276239627,0
14,7,10.936223259874936,0
14,8,11.121971012422518,0
14,9,11.091913291451217,0
15,0,14.221094434007364,0
15,1,13.260010697115575,0
15,2,13.250016173474542,0
15,3,13.126793992463142,0
15,4,13.087426447352913,0
15,5,13.081321888841293,0
15,6,13.359159126026372,0
15,7,13.868217591815794,0
15,8,14.170705346890689,0
15,9,14.129128811917912,0
16,0,9.138521106339095,0
16,1,10.071381027063932,0
16,2,10.090995081204424,0
16,3,9.741464591342943,0
16,4,9.594830672721596,0
16,5,10.29550270546885,0
16,6,10.215275538797004,0
16,7,9.497225115346426,0
16,8,10.287298617061749,0
16,9,10.552306651091142,0
17,0,7.503157621512393,0
17,1,8.147926711174991,0
17,2,7.425593772127375,0
17,3,8.921098064762356,0
17,4,8.976980007285986,0
17,5,8.326746347604788,0
17,6,8.734732183675806,0
17,7,7.448044031856332,0
17,8,8.174831184623605,0
17,9,8.706115554680206,0
18,0,9.822484759199204,0
18,1,10.815749511227962,0
18,2,11.55719953528663,0
18,3,10.070243910197982,0
18,4,10.339819567870038,0
18,5,10.976275454067599,0
18,6,11.764109344162444,0
18,7,10.447364113642681,0
18,8,11.283069331066105,0
18,9,12.169200695319187,0
19,0,9.614113793853898,0
19,1,9.899458764520615,0
19,2,10.428190064713112,0
19,3,10.479699161515827,0
19,4,11.246294011820353,0
19,5,11.06082322785395,0
19,6,10.152512338122467,0
19,7,11.397698569393937,0
19,8,10.951223924265706,0
19,9,11.977216976414152,0
20,0,12.404581382262414,0
20,1,12.500067508929757,0
20,2,13.188940955883139,0
20,3,13.399838391649343,0
20,4,13.342424832448977,0
20,5,12.37557649178847,0
20,6,13.587392370444999,0
20,7,12.901221124643675,0
20,8,13.636013206275006,0
20,9,12.906507932781345,0
21,0,11.89338356560069,0
21,1,11.366923039675472,0
21,2,11.228905166698896,0
21,3,12.327132560070359,0
21,4,12.191044752667533,0
21,5,11.863234091132709,0
21,6,12.99581191633969,0
21,7,12.149896281044287,0
21,8,12.486276328814625,0
21,9,12.704679215668458,0
22,0,10.403909151234712,0
22,1,11.049310264998983,0
22,2,10.647015944716655,0
22,3,10.807922957190915,0
22,4,11.795063438200689,0
22,5,10.693449092042801,0
22,6,10.107351952834273,0
22,7,12.219210615804965,0
22,8,12.788406094602522,0
22,9,11.411107485574354,0
23,0,11.958186762129031,0
23,1,12.871363794341152,0
23,2,12.983494307518788,0
23,3,13.131643861927996,0
23,4,12.7699117614782,0
23,5,13.716386353677363,0
23,6,13.788859470082166,0
23,7,12.87940297252947,0
23,8,14.076204148286568,0
23,9,14.85294827341207,0
24,0,7.708454057572828,0
24,1,7.553811310320045,0
24,2,7.7514722841505375,0
24,3,8.230102274838579,0
24,4,7.157138088600689,0
24,5,8.20466924284295,0
24,6,8.027241916622893,0
24,7,9.246386397832321,0
24,8,8.33538752445182,0
24,9,9.356417696914058,0
25,0,8.1686265856095,0
25,1,9.1141265179019,0
25,2,9.080197066396119,0
25,3,8.585973310568114,0
25,4,9.209194991818975,0
25,5,9.826756352916304,0
25,6,9.158601082357203,0
25,7,8.574515609915622,0
25,8,9.511715521261783,0
25,9,9.169285387104248,0
26,0,7.975677647857009,0
26,1,8.20605423234639,0
26,2,7.494022009181191,0
26,3,7.639018947528612,0
26,4,8.787881534951714,0
26,5,8.38548876910411,0
26,6,7.464475946278666,0
26,7,9.239270135493017,0
26,8,9.083032994826072,0
26,9,8.689910705170709,0
27,0,8.561965288159342,0
27,1,9.738284341845631,0
27,2,9.595055704968678,0
27,3,10.7116815350305,0
27,4,9.830474693050933,0
27,5,9.914231964319471,0
27,6,9.736916428634181,0
27,7,10.32876832728886,0
27,8,10.332922994312542,0
27,9,10.746242897971062,0
28,0,6.98596624556874,0
28,1,7.128923968415401,0
28,2,7.207076119431393,0
28,3,7.9420285654768765,0
28,4,8.395814925035749,0
28,5,7.517207458312732,0
28,6,7.634240840990836,0
28,7,8.103666316822283,0
28,8,7.923746954880932,0
28,9,8.622654531457329,0
29,0,10.144413248319285,0
29,1,10.95694937017036,0
29,2,11.079093726648084,0
29,3,10.410123887435736,0
29,4,11.188482671444406,0
29,5,11.312723835705846,0
29,6,11.769749566369393,0
29,7,12.526784839458939,0
29,8,11.947771568033458,0
29,9,11.654895033493231,0
30,0,9.527077335195688,0
30,1,10.180141416523126,0
30,2,9.267575197745,0
30,3,9.400267163841729,0
30,4,10.234829085439564,0
30,5,9.944786547937053,0
30,6,10.47929695115719,0
30,7,10.248731209904804,0
30,8,10.706386429847237,0
30,9,9.938015548782133,0
31,0,7.0523450856005505,0
31,1,7.053042403813105,0
31,2,6.650441948942619,0
31,3,6.5766484370603395,0
31,4,7.801261928632016,0
31,5,7.382911219885695,0
31,6,7.14724727017102,0
31,7,7.7102979425330185,0
31,8,8.422396839669336,0
31,9,6.818018488308724,0
32,0,7.220522492633253,0
32,1,7.6073986166372825,0
32,2,8.89943127094508,0
32,3,8.410135329044566,0
32,4,8.75250045781553,0
32,5,7.898761378021801,0
32,6,8.009073899949653,0
32,7,8.89274869594627,0
32,8,8.79797900305264,0
32,9,9.14321124701698,0
33,0,10.533192199436165,0
33,1,10.866099558127704,0
33,2,10.906087237352946,0
33,3,11.315911389442855,0
33,4,11.430531835872626,0
33,5,10.317091697704507,0
33,6,10.103393417229963,0
33,7,11.827900393726145,0
33,8,12.02089024153136,0
33,9,11.016716185143723,0
34,0,10.746335432515949,0
34,1,11.825770546292363,0
34,2,12.341672248964027,0
34,3,12.875050397005921,0
34,4,12.334401921839488,0
34,5,11.990394787495916,0
34,6,11.82968782499633,0
34,7,12.381978781624088,0
34,8,12.326620783846135,0
34,9,12.068719182924355,0
35,0,15.017839608815216,0
35,1,14.986045984419638,0
35,2,14.761486125161287,0
35,3,13.83303658447901,0
35,4,14.820971445532212,0
35,5,14.813274988132523,0
35,6,14.8147345954856,0
35,7,15.318294416905461,0
35,8,15.111147354814213,0
35,9,15.263468901535742,0
36,0,16.146178073700764,0
36,1,16.09812063601571,0
36,2,15.135919367157568,0
36,3,16.169535470719936,0
36,4,15.949628952590096,0
36,5,15.687804453194651,0
36,6,17.26863324166507,0
36,7,17.39222260245751,0
36,8,17.307335232162465,0
36,9,16.855331640442596,0
37,0,11.504131427028321,0
37,1,10.934845456852905,0
37,2,11.130217505000882,0
37,3,10.582083181321002,0
37,4,11.427314518801413,0
37,5,11.359011830764201,0
37,6,10.77749280813476,0
37,7,11.503220310643695,0
37,8,11.58895408462359,0
37,9,12.627599449874314,0
38,0,8.468030424192976,0
38,1,8.126646479482005,0
38,2,8.345317414836813,0
38,3,8.343029948988372,0
38,4,8.319466767538499,0
38,5,7.979710161242129,0
38,6,8.545397821132807,0
38,7,8.347874631610015,0
38,8,8.1957659904747,0
38,9,9.17653466721004,0
39,0,5.931539768503999,0
39,1,4.942553682853342,0
39,2,5.8745651197898185,0
39,3,6.533758131487343,0
39,4,6.665519307985543,0
39,5,6.748825859980001,0
39,6,6.3553640419881114,0
39,7,6.013384774552806,0
39,8,5.994058024858351,0
39,9,6.80820989091256,0
40,0,10.725062941870252,0
40,1,11.279088480490204,0
40,2,11.285412749858711,0
40,3,10.769308596422086,0
40,4,10.313319985257237,0
40,5,10.875869626182222,0
40,6,11.244038522092932,0
40,7,11.134381301992969,0
40,8,11.046475870648845,0
40,9,11.561865332172621,0
41,0,8.122138938674043,0
41,1,8.16008476751666,0
41,2,8.729844226531066,0
41,3,8.473121519314747,0
41,4,8.896170003868525,0
41,5,9.01071982080541,0
41,6,8.40440330883356,0
41,7,8.83349724744664,0
41,8,9.89300627933758,0
41,9,8.693078053012204,0
42,0,8.110958255155364,0
42,1,8.338362903019373,0
42,2,9.383840452928963,0
42,3,9.48474411865698,0
42,4,9.51048005192807,0
42,5,10.27638039410488,0
42,6,8.43286826308916,0
42,7,10.067252416856041,0
42,8,10.750004580542416,0
42,9,9.505395097194773,0
43,0,8.585903145985437,0
43,1,8.499360443266074,0
43,2,8.528633378841619,0
43,3,8.912675399368865,0
43,4,9.889549043722637,0
43,5,10.194499739624144,0
43,6,9.20783678936031,0
43,7,10.428336508912619,0
43,8,9.593594640372697,0
43,9,10.552651915230925,0
44,0,9.671768902340483,0
44,1,9.883947140190301,0
44,2,10.101155463488645,0
44,3,11.607845066850997,0
44,4,10.544061014589623,0
44,5,9.864785962191498,0
44,6,10.802917162305157,0
44,7,10.237501958625057,0
44,8,10.273543135716626,0
44,9,11.072718907113284,0
45,0,12.147503255460864,0
45,1,12.37124841883119,0
45,2,12.338953072507934,0
45,3,12.600252024878007,0
45,4,12.744443410293362,0
45,5,11.66347699522258,0
45,6,13.065246795880054,0
45,7,12.340950751660136,0
45,8,12.210810893795582,0
45,9,13.002754839645947,0
46,0,10.356087636547917,0
46,1,10.067344052604549,0
46,2,10.929613063724675,0
46,3,9.943009551705236,0
46,4,10.51062526050441,0
46,5,10.52166006742419,0
46,6,10.890803499721018,0
46,7,11.153529277214307,0
46,8,10.610150660078917,0
46,9,11.576238473618803,0
47,0,9.714231510089974,0
47,1,8.836757199266668,0
47,2,8.903434605724108,0
47,3,9.976570679457968,0
47,4,9.972246667029447,0
47,5,10.131020269135307,0
47,6,10.268739097657514,0
47,7,10.495510245677712,0
47,8,10.956555130846773,0
47,9,10.027177875463845,0
48,0,7.34270669789798,0
48,1,7.482030565404686,0
48,2,8.27315082793273,0
48,3,8.851166183671602,0
48,4,8.113022775228622,0
48,5,7.17784257226855,0
48,6,7.676696063043189,0
48,7,8.21217413295037,0
48,8,8.44982805060077,0
48,9,8.624498180721014,0
49,0,6.669924672081744,0
49,1,6.594760945180061,0
49,2,7.37530391586299,0
49,3,6.612625457750601,0
49,4,6.619475130853514,0
49,5,7.390071879851517,0
49,6,6.482813075628226,0
49,7,7.545479963251287,0
49,8,7.501910702454419,0
49,9,7.476912865632202,0
50,0,9.82152223542797,0
50,1,8.81628045920598,0
50,2,10.257533267115377,0
50,3,9.21466845723929,0
50,4,8.788875959368225,0
50,5,9.562343972350751,0
50,6,9.089261581693954,0
50,7,9.351506257946589,0
50,8,10.025900831861085,0
50,9,10.205175226178401,0
51,0,9.581351048236229,0
51,1,10.48613747088656,0
51,2,10.671188777373924,0
51,3,10.910585776645005,0
51,4,10.55714160192622,0
51,5,11.074149254406208,0
51,6,9.55203568437633,0
51,7,10.433481624049126,0
51,8,10.258932270201646,0
51,9,10.852047828927056,0
52,0,13.250135217561397,0
52,1,13.552780906184898,0
52,2,14.67694726726179,0
52,3,13.750999928949577,0
52,4,14.142755985754873,0
52,5,13.919725162197647,0
52,6,14.173716471138182,0
52,7,14.2388681673778,0
52,8,14.560021860146346,0
52,9,15.018513594933355,0
53,0,11.084246041747438,0
53,1,10.515359083900355,0
53,2,10.755322485963573,0
53,3,9.98511678835299,0
53,4,10.616610671737963,0
53,5,11.230693775387566,0
53,6,11.29353336215435,0
53,7,11.066353909343297,0
53,8,11.50374602272975,0
53,9,11.405932397442681,0
54,0,12.565632151175775,0
54,1,12.21015860052467,0
54,2,11.987629864260596,0
54,3,12.433399650512627,0
54,4,10.900181834119728,0
54,5,12.656921890238639,0
54,6,10.741272609438722,0
54,7,11.803747318343405,0
54,8,12.991363322516607,0
54,9,13.104243690679512,0
55,0,8.42019441285173,0
55,1,8.745357781982225,0
55,2,9.88667929722876,0
55,3,9.059393737135357,0
55,4,10.522868959123187,0
55,5,9.500448876333522,0
55,6,9.805426891362329,0
55,7,10.509846002170999,0
55,8,9.866922361018405,0
55,9,9.400236812576296,0
56,0,7.575248741318806,0
56,1,7.712307099070905,0
56,2,7.147741641065168,0
56,3,7.802196431495539,0
56,4,7.659016420167233,0
56,5,8.592291345759667,0
56,6,8.247418404258578,0
56,7,8.188714592592165,0
56,8,8.377021501854664,0
56,9,8.641673476369034,0
57,0,8.378173575380147,0
57,1,7.669910361200566,0
57,2,7.74897265922462,0
57,3,8.922106083236523,0
57,4,8.263598039432893,0
57,5,7.86134542923682,0
57,6,8.89167283022681,0
57,7,9.0014513785516,0
57,8,8.104408846906905,0
57,9,9.08450733326706,0
58,0,8.917339417142681,0
58,1,8.836741096781626,0
58,2,9.065538612809192,0
58,3,8.147413321883121,0
58,4,9.115067948426592,0
58,5,8.898237991193271,0
58,6,8.908152791566172,0
58,7,9.684825675638356,0
58,8,10.08918512626561,0
58,9,10.346732898228675,0
59,0,14.914343400623281,0
59,1,14.302072374055236,0
59,2,14.6332995463835,0
59,3,14.94035090076245,0
59,4,14.71752843952006,0
59,5,14.8223215588261,0
59,6,15.268816030808418,0
59,7,14.927298141857362,0
59,8,14.692295996683498,0
59,9,14.9497029319524,0
60,0,8.674181830418098,0
60,1,8.458723287151205,0
60,2,8.727331629985395,0
60,3,8.992266262652322,0
60,4,8.569805910102422,0
60,5,9.23535072336613,0
60,6,9.146647943280424,0
60,7,8.439820098095487,0
60,8,9.87837903714435,0
60,9,9.00685426967277,0
61,0,10.849430735880098,0
61,1,11.254456552679539,0
61,2,11.366455827133528,0
61,3,12.003065066801458,0
61,4,11.940053154699573,0
61,5,12.008562423652394,0
61,6,12.586829390213929,0
61,7,12.546916088069041,0
61,8,12.635002342794834,0
61,9,12.781892636137037,0
62,0,8.502212977827067,0
62,1,7.2401689729372265,0
62,2,8.211926517693717,0
62,3,7.404040611581212,0
62,4,8.612175607224845,0
62,5,8.691829157713775,0
62,6,9.316911781220787,0
62,7,9.487962840186508,0
62,8,9.095533167952132,0
62,9,8.843965105127499,0
63,0,12.105726582021358,0
63,1,11.69918720708633,0
63,2,12.062449700026812,0
63,3,12.656214184228872,0
63,4,11.984260352753777,0
63,5,12.765985345369739,0
63,6,12.801846710094638,0
63,7,12.085750117183077,0
63,8,13.15009308985719,0
63,9,13.11242919843424,0
64,0,10.820864875898055,0
64,1,10.4887402031979,0
64,2,10.54029892292394,0
64,3,10.801070643760214,0
64,4,11.441199163857705,0
64,5,10.792089348511027,0
64,6,11.58865805652166,0
64,7,10.849024167772528,0
64,8,11.467867639992301,0
64,9,11.72472580949873,0
65,0,10.90928927721328,0
65,1,9.098066376923637,0
65,2,10.622731487928887,0
65,3,10.06164541167746,0
65,4,10.292310163691802,0
65,5,10.245898161377923,0
65,6,10.509087613781436,0
65,7,10.30988165250281,0
65,8,11.21374929541255,0
65,9,10.35848863257146,0
66,0,10.484592233818756,0
66,1,9.69629138762262,0
66,2,10.088349024528489,0
66,3,9.682493671584023,0
66,4,10.545986807902892,0
66,5,11.1410379261924,0
66,6,10.479796857818705,0
66,7,10.520032098377177,0
66,8,10.16116646619517,0
66,9,10.70382862095298,0
67,0,7.894027479280456,0
67,1,8.333985615781806,0
67,2,9.003817632195787,0
67,3,9.649931208011918,0
67,4,10.49503003975597,0
67,5,8.897132066605769,0
67,6,10.008074687463939,0
67,7,9.512300849342042,0
67,8,9.414800785768032,0
67,9,9.806721835004296,0
68,0,10.92310264480414,0
68,1,11.04734226577027,0
68,2,10.887977821550827,0
68,3,10.493089573064736,0
68,4,10.52033180170312,0
68,5,11.718766844604776,0
68,6,11.353794357921304,0
68,7,11.294099953136078,0
68,8,11.696397216325739,0
68,9,12.189610529421977,0
69,0,9.18021501083164,0
69,1,8.862005570997956,0
69,2,9.903179517142915,0
69,3,10.179625790809256,0
69,4,9.737311366979867,0
69,5,10.076864794990485,0
69,6,10.311013037725345,0
69,7,10.355082697520697,0
69,8,10.197082627874753,0
69,9,10.289206562855881,0
70,0,7.808618759138755,0
70,1,7.100119635191981,0
70,2,8.099150050895297,0
70,3,7.170881486902226,0
70,4,7.551488744902976,0
70,5,8.700571006369547,0
70,6,8.568898553812602,0
70,7,8.992487617308434,0
70,8,8.212951280621859,0
70,9,7.87266405182712,0
71,0,7.323906252825591,0
71,1,7.595140499981048,0
71,2,7.683619209530767,0
71,3,8.310965090739112,0
71,4,7.66348963885904,0
71,5,8.120142087262224,0
71,6,7.549811276643458,0
71,7,8.369283490382667,0
71,8,8.245679126453581,0
71,9,7.969218182218503,0
72,0,10.227261154356812,0
72,1,10.353087962186628,0
72,2,10.410098270775691,0
72,3,11.530846456578082,0
72,4,10.6959528342903,0
72,5,10.72322778035557,0
72,6,9.896450356639168,0
72,7,10.5980721594545,0
72,8,11.013639123216064,0
72,9,10.902249497355918,0
73,0,13.849036309509769,0
73,1,13.17571362512276,0
73,2,14.002404637479996,0
73,3,13.489034829846055,0
73,4,13.576796431031658,0
73,5,13.61378428896462,0
73,6,13.7600806386316,0
73,7,14.717580014345799,0
73,8,12.798377149445262,0
73,9,13.05740964060153,0
74,0,10.04839781161882,0
74,1,10.42724716811566,0
74,2,10.865035439528882,0
74,3,10.856526826160614,0
74,4,10.527860270706592,0
74,5,11.329505073767757,0
74,6,11.435080928723242,0
74,7,11.112012142782659,0
74,8,11.601312013390297,0
74,9,11.35630585886294,0
75,0,9.481981834388792,0
75,1,10.211631767280236,0
75,2,10.018029909069572,0
75,3,10.063393271157478,0
75,4,10.899200133875022,0
75,5,9.03728728351019,0
75,6,9.653881262700448,0
75,7,9.869188134593049,0
75,8,10.381093023995833,0
75,9,10.53541926289722,0
76,0,9.817989455318562,0
76,1,10.179073263049672,0
76,2,10.3412314399433,0
76,3,12.100364325243033,0
76,4,11.87252325307866,0
76,5,10.865777570362761,0
76,6,10.989860634051686,0
76,7,10.697050280610938,0
76,8,10.417587072592454,0
76,9,11.413212186000825,0
77,0,12.113077491791637,0
77,1,12.669578217582645,0
77,2,12.011900558891911,0
77,3,12.531016254258521,0
77,4,13.086317031065066,0
77,5,13.295108282305618,0
77,6,13.420739462784656,0
77,7,12.65175899133513,0
77,8,13.839346348481431,0
77,9,13.111897635112726,0
78,0,10.755193960031367,0
78,1,10.533445664418617,0
78,2,9.95057125318874,0
78,3,10.58066615043712,0
78,4,11.021446873759597,0
78,5,11.245247692965012,0
78,6,10.968271054005504,0
78,7,11.90465444802824,0
78,8,11.742520388220994,0
78,9,11.210437944527838,0
79,0,9.553206444400999,0
79,1,10.245042280926619,0
79,2,10.358387838724038,0
79,3,8.864145597921278,0
79,4,9.11487898275395,0
79,5,10.420604931699451,0
79,6,9.249005012913706,0
79,7,9.216874971686686,0
79,8,9.735048472983003,0
79,9,10.28825889306982,0
80,0,12.16137906681423,0
80,1,11.987295609916982,0
80,2,12.075471189257524,0
80,3,12.156408887913425,0
80,4,12.172822605790307,0
80,5,13.853393858757808,0
80,6,12.961332955712555,0
80,7,13.355956947322147,0
80,8,12.768038686060317,0
80,9,13.019599081526755,0
81,0,10.500735886238049,0
81,1,9.631658709463625,0
81,2,10.368508238499293,0
81,3,10.252203536933031,0
81,4,10.132620987947424,0
81,5,10.759833389774176,0
81,6,12.119990716614042,0
81,7,11.53529479307105,0
81,8,12.302794758083815,0
81,9,11.963004165373665,0
82,0,13.462791396849564,0
82,1,12.721063486339697,0
82,2,13.533487461088319,0
82,3,13.735869101029158,0
82,4,13.183188337875137,0
82,5,13.851282169300067,0
82,6,13.9546058632794,0
82,7,13.496735673426942,0
82,8,13.310127767856487,0
82,9,13.379447818042848,0
83,0,10.409721645404543,0
83,1,10.62997380883847,0
83,2,10.170205959214854,0
83,3,10.679761545106862,0
83,4,11.051737392513056,0
83,5,11.175564231776463,0
83,6,11.742408934505058,0
83,7,11.704959290542833,0
83,8,10.66582315806554,0
83,9,12.108261979212823,0
84,0,7.285573684281142,0
84,1,8.173498342786214,0
84,2,7.785055249584545,0
84,3,7.644987247330516,0
84,4,7.047213506671534,0
84,5,7.965279681450826,0
84,6,7.371370318906195,0
84,7,8.734711554480386,0
84,8,9.109458265128625,0
84,9,8.052606441910655,0
85,0,7.414666972768306,0
85,1,7.000985840504683,0
85,2,7.1494392364402755,0
85,3,7.950928953441356,0
85,4,7.644412470586965,0
85,5,8.633505622474177,0
85,6,7.62256536215721,0
85,7,8.463349767745916,0
85,8,8.112388307987562,0
85,9,8.561570606380787,0
86,0,13.078277035797527,0
86,1,13.377076445686708,0
86,2,13.44410642481303,0
86,3,13.183827307039607,0
86,4,14.032896631753376,0
86,5,14.126980367251681,0
86,6,14.198633211915283,0
86,7,14.77033869142132,0
86,8,14.826528265080652,0
86,9,14.014383519537931,0
87,0,13.633857600783683,0
87,1,13.235531096937487,0
87,2,13.659009099623871,0
87,3,13.447456717007162,0
87,4,14.657366596134619,0
87,5,14.129180516738074,0
87,6,13.938316877514382,0
87,7,14.74414072749478,0
87,8,13.162023736668889,0
87,9,13.34028014413395,0
88,0,10.038880901044687,0
88,1,9.771195797493483,0
88,2,9.96618472356518,0
88,3,9.277763521775526,0
88,4,10.029344718009616,0
88,5,11.14271627863547,0
88,6,10.65306138333273,0
88,7,10.425814846006205,0
88,8,10.22143461838233,0
88,9,10.343675147500102,0
89,0,8.169026413128016,0
89,1,9.462445568188604,0
89,2,9.856366911968951,0
89,3,8.745815694142719,0
89,4,9.302916911574616,0
89,5,9.154893041611313,0
89,6,9.350949760323642,0
89,7,9.960366171138974,0
89,8,8.991424280233788,0
89,9,10.440760576906557,0
90,0,13.299816119451245,3
90,1,12.897337290465948,3
90,2,11.882534329492133,3
90,3,14.724679271483211,3
90,4,15.939339551535753,3
90,5,14.033891444120119,3
90,6,15.349126878387644,3
90,7,15.032888195250774,3
90,8,16.125173735276825,3
90,9,15.485331608412674,3
91,0,7.98788564628083,7
91,1,8.16863884549757,7
91,2,8.904021555778035,7
91,3,7.98443766407534,7
91,4,8.37393082072433,7
91,5,7.543380896349307,7
91,6,8.981115417559897,7
91,7,10.105654211877342,7
91,8,10.305531553869152,7
91,9,10.67478473848842,7
92,0,7.429103789418422,5
92,1,8.424930976552815,5
92,2,8.894279098550852,5
92,3,8.657012873836994,5
92,4,7.816097179998985,5
92,5,10.648641314923516,5
92,6,11.181560413578092,5
92,7,9.971551579105391,5
92,8,10.47316295517949,5
92,9,11.548817764129106,5
93,0,11.421701306476733,5
93,1,11.592639380441465,5
93,2,12.416400993189743,5
93,3,11.820929978631192,5
93,4,12.015597594594679,5
93,5,15.142026352987251,5
93,6,13.779751310332843,5
93,7,13.58771220756884,5
93,8,14.300551788501656,5
93,9,14.406149104072536,5
94,0,8.947432058307717,5
94,1,8.794591244503398,5
94,2,10.565711965325859,5
94,3,9.674211489474834,5
94,4,9.244647063579784,5
94,5,12.16875490542062,5
94,6,11.756217178500153,5
94,7,11.784349031121904,5
94,8,12.291926190238069,5
94,9,11.464848620164977,5
95,0,10.166069868518443,7
95,1,11.046233670425732,7
95,2,10.422845097658511,7
95,3,10.101650214668124,7
95,4,10.136203626345736,7
95,5,10.284586279887302,7
95,6,10.462774927535966,7
95,7,12.50085300018072,7
95,8,13.24791198709714,7
95,9,12.023151714955365,7
96,0,10.104114228157043,3
96,1,9.583270940379695,3
96,2,10.06158809579866,3
96,3,11.409620247850544,3
96,4,12.737429736375693,3
96,5,12.795931683036912,3
96,6,12.752909465826011,3
96,7,11.615736815054206,3
96,8,12.887674738484002,3
96,9,12.77554174676883,3
97,0,9.872513474031583,7
97,1,10.763000405712459,7
97,2,11.057416342114497,7
97,3,11.253186734509443,7
97,4,11.163779781072295,7
97,5,11.320764806021558,7
97,6,12.011954793724414,7
97,7,13.988166052553206,7
97,8,12.041621620706495,7
97,9,13.416429820179026,7
98,0,12.732638208855459,3
98,1,12.038914436263948,3
98,2,13.062055251743589,3
98,3,15.739342608832688,3
98,4,14.671679792832139,3
98,5,15.48316419197237,3
98,6,14.957051983979214,3
98,7,15.179007710787594,3
98,8,16.353660539712454,3
98,9,15.443684812571522,3
99,0,10.412276058308803,3
99,1,9.345560755772997,3
99,2,11.312328594500931,3
99,3,12.782496036956742,3
99,4,12.48991989247836,3
99,5,12.968943068803439,3
99,6,12.076260099329586,3
99,7,13.472435184679819,3
99,8,12.819177426055276,3
99,9,12.979135056279274,3
100,0,11.042049779070974,5
100,1,11.097551885180923,5
100,2,11.835212892367919,5
100,3,11.715831011605827,5
100,4,12.013751657255236,5
100,5,13.78348024181093,5
100,6,14.144477492092307,5
100,7,13.778453214591195,5
100,8,15.202743507258491,5
100,9,13.403912378338466,5
101,0,6.530124459719447,7
101,1,6.68360952329844,7
101,2,5.673576394955158,7
101,3,7.314292603215941,7
101,4,6.797400939410615,7
101,5,6.8852253013494105,7
101,6,6.513666891450893,7
101,7,8.491042718828618,7
101,8,8.59495138441815,7
101,9,8.994921096097714,7
102,0,10.603156333656713,7
102,1,10.093220305070474,7
102,2,9.646841384571118,7
102,3,10.614776727332256,7
102,4,10.763138569337162,7
102,5,10.729892960363658,7
102,6,10.875312649402256,7
102,7,12.46709913106086,7
102,8,12.238068612574475,7
102,9,12.368466480819375,7
103,0,7.495807835185329,7
103,1,8.532013765187232,7
103,2,8.47181506780096,7
103,3,8.393545607149404,7
103,4,7.235730047241724,7
103,5,8.189880724567173,7
103,6,9.473959785115841,7
103,7,10.681226459382692,7
103,8,11.29383529824268,7
103,9,10.51819674442663,7
104,0,8.28172662033236,7
104,1,7.5903600491254055,7
104,2,7.907394077394512,7
104,3,9.025263775093586,7
104,4,8.720593929447446,7
104,5,7.909091068509215,7
104,6,7.865763786717564,7
104,7,10.099601373392979,7
104,8,10.617323003391013,7
104,9,10.409761812027309,7
105,0,8.046073193640764,7
105,1,9.07728589149702,7
105,2,8.38659032025358,7
105,3,9.69348981266116,7
105,4,8.689066548018586,7
105,5,9.636354463254863,7
105,6,9.022354977497812,7
105,7,11.425175552767222,7
105,8,10.681389740383638,7
105,9,10.716815654848794,7
106,0,9.56160609610587,5
106,1,9.926029739831034,5
106,2,9.551881369598608,5
106,3,8.988556451056528,5
106,4,9.051623935453714,5
106,5,11.118184917505255,5
106,6,11.047942062128685,5
106,7,12.08649579832192,5
106,8,12.694275079452389,5
106,9,12.225045225135972,5
107,0,10.701597706043101,3
107,1,11.836424854544752,3
107,2,11.950405586395723,3
107,3,15.179804459824748,3
107,4,13.503236128252249,3
107,5,14.136466283412428,3
107,6,15.284731424984308,3
107,7,14.7567942553853,3
107,8,14.91346162147024,3
107,9,14.789097303223967,3
108,0,7.512186333849504,7
108,1,7.8360193296601395,7
108,2,7.142471405074489,7
108,3,8.086243853974972,7
108,4,7.060713056078103,7
108,5,8.011398550936642,7
108,6,8.036585046164035,7
108,7,9.739068020424817,7
108,8,10.13587192685805,7
108,9,9.935944488188095,7
109,0,9.525412321757962,5
109,1,9.984455614382012,5
109,2,9.709268667503004,5
109,3,10.52266171723546,5
109,4,9.886220238112653,5
109,5,12.91725149668436,5
109,6,12.070523451224425,5
109,7,12.47811552739833,5
109,8,12.548961281081246,5
109,9,13.623836349626254,5
110,0,9.196806106141139,5
110,1,9.025794232060646,5
110,2,9.481020853867705,5
110,3,8.278064959668,5
110,4,9.41009433851239,5
110,5,12.530418222235225,5
110,6,11.69783438653418,5
110,7,11.765617717917511,5
110,8,12.105725323153942,5
110,9,12.379463754990017,5
111,0,8.34592046483115,5
111,1,8.603490570380565,5
111,2,9.649799456819151,5
111,3,9.287215530327325,5
111,4,10.400666442386036,5
111,5,11.687066616333466,5
111,6,10.97738844341952,5
111,7,11.410646852854079,5
111,8,10.76981580146079,5
111,9,12.127591042634622,5
112,0,11.911323586977016,3
112,1,11.893284295718258,3
112,2,12.744955170124078,3
112,3,14.904775568867557,3
112,4,14.320321438931153,3
112,5,13.43816881687078,3
112,6,14.914156440855336,3
112,7,14.983195764863495,3
112,8,14.96021143568768,3
112,9,15.396255525263266,3
113,0,10.493816825777332,7
113,1,12.180608567100421,7
113,2,10.796516997436918,7
113,3,11.75084233760828,7
113,4,10.632557026801177,7
113,5,11.111098530372827,7
113,6,12.43441519737052,7
113,7,13.645780962507427,7
113,8,14.296192176574252,7
113,9,14.094708568367475,7
114,0,12.622317136885401,7
114,1,13.456721377351831,7
114,2,12.756466802559537,7
114,3,12.084427161103754,7
114,4,12.673176168909636,7
114,5,13.450392079236336,7
114,6,13.472550768066741,7
114,7,14.591267089767769,7
114,8,15.112624955181388,7
114,9,15.283935540284364,7
115,0,9.508253844443088,5
115,1,9.103031847199423,5
115,2,9.57680308744046,5
115,3,9.626683398870437,5
115,4,10.47675527138116,5
115,5,12.59554929699532,5
115,6,12.21808341245579,5
115,7,12.194968743564834,5
115,8,12.560950797519757,5
115,9,12.182701087772413,5
116,0,8.034698735574873,5
116,1,8.238004172195735,5
116,2,8.490708194672864,5
116,3,8.326377876762459,5
116,4,9.089144556190032,5
116,5,11.472972613550448,5
116,6,10.414565626259472,5
116,7,11.32067913226661,5
116,8,11.298146879025428,5
116,9,11.678869119426995,5
117,0,9.545812982187208,7
117,1,8.925482726273186,7
117,2,9.121087716810418,7
117,3,9.866994154031488,7
117,4,10.466672826111758,7
117,5,8.9451886807175,7
117,6,10.32514565613979,7
117,7,12.847093368882822,7
117,8,12.275769428135895,7
117,9,12.727383614252222,7
118,0,10.133459042093543,5
118,1,10.525310482904006,5
118,2,9.874536823388368,5
118,3,9.612821928333007,5
118,4,11.356376483155081,5
118,5,12.492496118680222,5
118,6,12.857229660040728,5
118,7,12.491772455907347,5
118,8,12.580008731000508,5
118,9,13.298074732495136,5
119,0,9.988358119839598,5
119,1,10.64213221590477,5
119,2,10.779415926397217,5
119,3,10.813571540069725,5
119,4,10.872447112371644,5
119,5,13.642030819373364,5
119,6,12.419349832384977,5
119,7,13.025679283805962,5
119,8,13.719491627167216,5
119,9,13.88541662157644,5
120,0,7.12034203086098,5
120,1,7.775046134705332,5
120,2,8.710284403466897,5
120,3,8.3852634081328,5
120,4,8.328855371273153,5
120,5,10.222381508815939,5
120,6,10.239323392679394,5
120,7,10.675333387078428,5
120,8,10.505036793041025,5
120,9,10.709934545011045,5
121,0,10.220278916313267,3
121,1,9.941943799008998,3
121,2,10.647044250196467,3
121,3,13.938101887463459,3
121,4,11.692486243592711,3
121,5,12.842985825350738,3
121,6,12.400884518946295,3
121,7,13.169680852015373,3
121,8,13.00425829991968,3
121,9,13.46190695027698,3
122,0,11.0442099485322,3
122,1,10.6526672191619,3
122,2,11.2224828044849,3
122,3,11.584307713383472,3
122,4,13.651682809235822,3
122,5,13.14398773622398,3
122,6,13.5953783381504,3
122,7,12.54651878785705,3
122,8,12.841071719475144,3
122,9,13.429425807350198,3
123,0,15.02642913039911,5
123,1,15.276482369072836,5
123,2,15.777205655532825,5
123,3,14.452337917416418,5
123,4,15.921857610926496,5
123,5,17.539089030046807,5
123,6,17.533057144505566,5
123,7,16.999390457875396,5
123,8,18.086472409256274,5
123,9,16.727894149552327,5
124,0,14.077886228182695,7
124,1,13.107636304826844,7
124,2,13.980418178872076,7
124,3,13.994104803899381,7
124,4,14.738458296210283,7
124,5,14.164361638056395,7
124,6,14.006619941990508,7
124,7,16.20038787457774,7
124,8,17.190130606940674,7
124,9,16.921837707153788,7
125,0,8.100698308120778,3
125,1,8.275290088900103,3
125,2,7.709924753589635,3
125,3,10.78775039930813,3
125,4,9.813605445034627,3
125,5,11.169411531800087,3
125,6,10.957824095127993,3
125,7,12.18698919866932,3
125,8,10.543445522020207,3
125,9,11.142182253362044,3
126,0,10.324377127363178,7
126,1,10.120928097047354,7
126,2,9.277127251111697,7
126,3,9.837216991088372,7
126,4,9.826232955109191,7
126,5,10.066211210598725,7
126,6,9.675893058909232,7
126,7,12.080573075551278,7
126,8,11.42620708926329,7
126,9,12.392795002835689,7
127,0,7.29812633303691,7
127,1,7.059406290004051,7
127,2,6.4655905510336,7
127,3,7.867381927751725,7
127,4,7.655378515322395,7
127,5,7.2101084474755055,7
127,6,7.532815772906962,7
127,7,9.022781294935076,7
127,8,9.360410932437041,7
127,9,9.704210323147425,7
128,0,9.432796378213103,3
128,1,8.598834276629288,3
128,2,9.338692801737405,3
128,3,10.849427870642238,3
128,4,11.342559752498964,3
128,5,11.247888221001126,3
128,6,11.855114272119398,3
128,7,11.251180302963748,3
128,8,10.832321847071807,3
128,9,11.027611456391211,3
129,0,10.365271260209301,5
129,1,10.106680021841653,5
129,2,11.036316015020455,5
129,3,10.698325924751643,5
129,4,12.218513282193896,5
129,5,12.262352709612115,5
129,6,13.33302659653558,5
129,7,12.767233495427845,5
129,8,13.184509336989342,5
129,9,13.601919743850953,5
130,0,11.249021554339324,3
130,1,12.63012030017048,3
130,2,13.56316097291355,3
130,3,14.484988092592172,3
130,4,14.941611170179222,3
130,5,15.424168088339167,3
130,6,14.92973049176297,3
130,7,14.821227147510724,3
130,8,14.073839039915592,3
130,9,15.632202601473955,3
131,0,8.485248119648334,7
131,1,8.135490398818702,7
131,2,8.805130679651628,7
131,3,8.549992146109693,7
131,4,8.67761925895502,7
131,5,9.344977902567136,7
131,6,8.47264111885086,7
131,7,11.76548996754966,7
131,8,10.64298924295358,7
131,9,11.11048162033515,7
132,0,9.653180216897695,7
132,1,9.355384500685618,7
132,2,8.940509116112127,7
132,3,8.5214420121138,7
132,4,8.82707096651446,7
132,5,9.228344777157256,7
132,6,9.310468736034206,7
132,7,11.346271655051424,7
132,8,11.476290862822315,7
132,9,11.484519565011851,7
133,0,4.9844325727026835,5
133,1,5.547166569442274,5
133,2,6.362733967516114,5
133,3,5.321254791747132,5
133,4,6.010644184753051,5
133,5,7.795544976137268,5
133,6,8.361097155221746,5
133,7,8.21110534998928,5
133,8,9.244118773010026,5
133,9,8.858713517617817,5
134,0,9.01876657602158,3
134,1,10.110282164717034,3
134,2,9.487342230779152,3
134,3,11.68616997322142,3
134,4,12.231577668963746,3
134,5,11.928794449045117,3
134,6,12.721096067071663,3
134,7,11.987413128153486,3
134,8,12.165194882614504,3
134,9,12.246482712136132,3
135,0,7.592351802103355,7
135,1,8.52476695405478,7
135,2,8.389569323086025,7
135,3,9.030143153286911,7
135,4,9.408993278230502,7
135,5,7.859812660314704,7
135,6,8.510380739944518,7
135,7,9.987071017959156,7
135,8,10.28636821240674,7
135,9,10.46012992115304,7
136,0,8.412543708198715,5
136,1,8.515177508818645,5
136,2,9.068978956007724,5
136,3,8.63276193607465,5
136,4,9.762184624836669,5
136,5,10.982244376559095,5
136,6,12.945905630316048,5
136,7,11.415428919785654,5
136,8,11.77712996622638,5
136,9,11.193450553034834,5
137,0,9.099324322728643,7
137,1,8.906028784066281,7
137,2,8.594736379032879,7
137,3,7.872877169275042,7
137,4,8.751611882527135,7
137,5,8.185562920656198,7
137,6,9.577456075401503,7
137,7,11.35087580959141,7
137,8,11.093997962908693,7
137,9,9.928090612041164,7
138,0,9.31976690216537,7
138,1,10.255355457294822,7
138,2,10.617916737356463,7
138,3,10.666059797240951,7
138,4,9.415468390374159,7
138,5,10.462251044901338,7
138,6,10.91923249973635,7
138,7,11.682307108703762,7
138,8,12.607522633808268,7
138,9,12.848396090649114,7
139,0,6.33416092486337,7
139,1,5.6584622895861365,7
139,2,6.521694162249873,7
139,3,6.6208905021592255,7
139,4,6.810507015012861,7
139,5,6.702807504574203,7
139,6,6.8630371406660045,7
139,7,9.16469007611325,7
139,8,9.505770519771593,7
139,9,9.232329835858403,7
140,0,6.8610850450340175,7
140,1,7.212086528345247,7
140,2,6.305451546270428,7
140,3,7.604427072831247,7
140,4,7.46562796065654,7
140,5,7.585756272516799,7
140,6,8.14627666301525,7
140,7,8.789501744193895,7
140,8,8.878992574288535,7
140,9,10.102811431879779,7
141,0,14.254935796492338,3
141,1,14.443582695652562,3
141,2,14.227430686470372,3
141,3,16.890671061176562,3
141,4,17.124813645552155,3
141,5,17.00048537103236,3
141,6,16.728079994854305,3
141,7,15.904649530249392,3
141,8,17.44311232807516,3
141,9,17.769358557165393,3
142,0,7.747434043443928,5
142,1,7.085333623768184,5
142,2,7.962052034285817,5
142,3,8.15541969143266,5
142,4,8.604562961351482,5
142,5,9.48709987533796,5
142,6,9.911927545179868,5
142,7,10.498790863023665,5
142,8,10.253859873171018,5
142,9,9.7664910364263,5
143,0,8.013736985604073,5
143,1,8.195759659998304,5
143,2,8.050410291256222,5
143,3,8.216221306680694,5
143,4,8.077075892247857,5
143,5,11.04556831094875,5
143,6,9.956082751234382,5
143,7,10.212768461708832,5
143,8,10.611921599854485,5
143,9,11.145905856941168,5
144,0,12.925140471595359,5
144,1,13.118678681759908,5
144,2,12.854962802775269,5
144,3,13.990174669269264,5
144,4,13.514674148039356,5
144,5,15.981552001633672,5
144,6,16.60451615158848,5
144,7,16.053055696251203,5
144,8,16.58946806801431,5
144,9,16.424158102766768,5
145,0,16.146191496029033,3
145,1,16.147698372154817,3
145,2,15.66416749039351,3
145,3,18.02580846178059,3
145,4,18.732006037341062,3
145,5,18.506822773607862,3
145,6,17.71165330960525,3
145,7,18.837943369066505,3
145,8,18.067829027262697,3
145,9,19.416390873461317,3
146,0,8.168916162269829,5
146,1,7.9018094803085175,5
146,2,7.935483164067414,5
146,3,7.852350614335607,5
146,4,8.396128718049331,5
146,5,9.971477657618287,5
146,6,10.374651677669263,5
146,7,10.792833925609042,5
146,8,10.175963470586524,5
146,9,10.24877037235397,5
147,0,8.666319346061709,3
147,1,8.831265713360853,3
147,2,8.549304430703188,3
147,3,11.928416480931704,3
147,4,12.567959357465325,3
147,5,12.476166558159091,3
147,6,11.05045984211068,3
147,7,12.325929422202039,3
147,8,12.774555261385718,3
147,9,11.935097096054607,3
148,0,10.733834817206045,7
148,1,9.779164576478683,7
148,2,11.01647918586934,7
148,3,10.45133123716366,7
148,4,11.182928610836777,7
148,5,10.40250964078658,7
148,6,11.554540214119816,7
148,7,13.895367439594363,7
148,8,13.091521171023436,7
148,9,13.014649811175802,7
149,0,12.379383767536194,7
149,1,13.424188521773596,7
149,2,13.36659832167038,7
149,3,12.981885582637158,7
149,4,14.083904666967271,7
149,5,13.73241009787886,7
149,6,13.519527309488568,7
149,7,15.880109085990961,7
149,8,16.793047558275994,7
149,9,16.658863760688796,7
150,0,7.961272812394279,7
150,1,8.435838352375951,7
150,2,7.645829864950154,7
150,3,8.342470893507041,7
150,4,8.49994700838676,7
150,5,8.291367588894161,7
150,6,8.844015011122233,7
150,7,10.336069115821298,7
150,8,11.081196197031584,7
150,9,11.202215228909171,7
151,0,8.050864367767247,7
151,1,10.204597159870838,7
151,2,8.185628025439403,7
151,3,9.501419795337718,7
151,4,10.422118325244657,7
151,5,9.85080094548956,7
151,6,9.376351316881008,7
151,7,11.662575777257445,7
151,8,12.82289718127609,7
151,9,11.448692042841461,7
152,0,12.119170702604498,5
152,1,11.627124102602343,5
152,2,11.158477486902271,5
152,3,11.563117615972144,5
152,4,11.446062981572668,5
152,5,14.487787752552753,5
152,6,14.520889057004908,5
152,7,13.395094585185465,5
152,8,14.152879092863822,5
152,9,14.02308232095135,5
153,0,11.516287133162923,7
153,1,10.294482589870025,7
153,2,11.871646701275743,7
153,3,11.15288477917477,7
153,4,10.688564945743193,7
153,5,11.030895056928598,7
153,6,11.06872272854901,7
153,7,12.932222947925483,7
153,8,13.716945578798425,7
153,9,13.155574373587315,7
154,0,8.157504753170707,5
154,1,9.157849622115714,5
154,2,8.54625975933086,5
154,3,9.171607423506043,5
154,4,9.193136413238124,5
154,5,11.312079821526895,5
154,6,12.84816940833488,5
154,7,11.975893641124587,5
154,8,12.170373362037468,5
154,9,11.259488709368656,5
155,0,9.405372504149458,3
155,1,9.940005385938674,3
155,2,9.420089614511415,3
155,3,12.486385492726912,3
155,4,11.531005778017404,3
155,5,12.08917100303533,3
155,6,12.03932825098014,3
155,7,12.514514400658875,3
155,8,12.212109035040207,3
155,9,12.49690725743245,3
156,0,7.132143337371043,7
156,1,6.983014504564385,7
156,2,7.692755317508593,7
156,3,7.6694025706787485,7
156,4,7.605901410633453,7
156,5,7.534979216529057,7
156,6,8.248480398520034,7
156,7,9.832291261352946,7
156,8,9.896859739347068,7
156,9,10.202553398204099,7
157,0,10.371945853536094,5
157,1,8.953474408040066,5
157,2,10.108580958578345,5
157,3,8.877066931431617,5
157,4,10.032289091164982,5
157,5,12.811193925855035,5
157,6,12.367986774284322,5
157,7,12.308965051320564,5
157,8,12.043427777649132,5
157,9,12.439176112294946,5
158,0,9.341193612280412,3
158,1,9.174236716016411,3
158,2,9.522287212244654,3
158,3,11.86641560029531,3
158,4,11.48361648571677,3
158,5,11.564084109639747,3
158,6,11.387103301186002,3
158,7,12.362587533026536,3
158,8,12.53988665096562,3
158,9,12.483055242100349,3
159,0,10.946925025616846,5
159,1,10.608273597792875,5
159,2,10.86034524793539,5
159,3,10.916258492071295,5
159,4,10.818569769543409,5
159,5,12.698928865187689,5
159,6,14.171416087148467,5
159,7,12.938364289325758,5
159,8,12.931400923692294,5
159,9,13.581344690977566,5
160,0,9.015272770009469,7
160,1,8.286949788556804,7
160,2,9.650684689643835,7
160,3,9.142248274686551,7
160,4,8.733880014754106,7
160,5,9.983737619538903,7
160,6,9.802183348160044,7
160,7,10.957074566388009,7
160,8,12.57793698249083,7
160,9,12.118744246545065,7
161,0,10.937978987277756,3
161,1,11.838186447901169,3
161,2,11.222725937005098,3
161,3,13.229035507538264,3
161,4,13.012926987079284,3
161,5,13.734002264743818,3
161,6,13.781378528752269,3
161,7,13.650417115035134,3
161,8,13.348083868156477,3
161,9,13.908041972173317,3
162,0,11.990532242758588,5
162,1,11.458694476272557,5
162,2,11.489525459977564,5
162,3,12.608008325044542,5
162,4,11.124487478113814,5
162,5,14.628136899120287,5
162,6,14.386390106762745,5
162,7,15.379554939079611,5
162,8,14.578697531062721,5
162,9,15.255173742765606,5
163,0,10.112401734718038,3
163,1,10.467732732080004,3
163,2,10.879276920796958,3
163,3,12.379580797174643,3
163,4,13.209136097586136,3
163,5,12.31400971678369,3
163,6,13.058155076616123,3
163,7,13.472178516730859,3
163,8,13.4408774012321,3
163,9,14.169081093704639,3
164,0,10.321793158143077,7
164,1,10.113938191124113,7
164,2,10.406345262550847,7
164,3,11.333734100072625,7
164,4,11.352474283933097,7
164,5,11.254641146622115,7
164,6,10.742034292244842,7
164,7,13.786946463462936,7
164,8,12.891160427973137,7
164,9,14.182987607986856,7
165,0,11.535029906725667,5
165,1,10.389536268441509,5
165,2,10.597864762984605,5
165,3,10.159880810707955,5
165,4,9.601204034612326,5
165,5,12.304951013640624,5
165,6,12.15986307460636,5
165,7,12.082808406948226,5
165,8,13.76749066615356,5
165,9,13.14274195416862,5
166,0,10.190012576489819,3
166,1,9.945657603584703,3
166,2,10.113733244961109,3
166,3,12.782444127302496,3
166,4,12.384000226835221,3
166,5,12.765515755195194,3
166,6,12.50216663726032,3
166,7,12.529092340816803,3
166,8,12.096711703381898,3
166,9,11.911294254999264,3
167,0,8.426102982381105,3
167,1,8.68513227891092,3
167,2,8.113818914559909,3
167,3,10.83964650039699,3
167,4,10.983760214409557,3
167,5,9.978879929884615,3
167,6,10.699321603174553,3
167,7,11.460515879782038,3
167,8,11.550413297612177,3
167,9,10.880046474714424,3
168,0,10.712212548596485,5
168,1,11.244192136026852,5
168,2,11.221525002842066,5
168,3,10.88534562983965,5
168,4,10.79900036668447,5
168,5,12.818316281179365,5
168,6,13.466898414801445,5
168,7,13.43054050991806,5
168,8,13.747690526397717,5
168,9,13.598925429907194,5
169,0,10.214808778346741,7
169,1,9.95272306965187,7
169,2,10.397771161238863,7
169,3,10.540838188356341,7
169,4,9.803163488060614,7
169,5,9.401354779737648,7
169,6,11.177173231180296,7
169,7,12.63375616852915,7
169,8,11.74818385542496,7
169,9,12.348517054563665,7
170,0,14.572273764046106,7
170,1,14.146498202294744,7
170,2,14.130305908201626,7
170,3,15.186777548017675,7
170,4,14.062693044669286,7
170,5,14.287259938983773,7
170,6,14.892029855385324,7
170,7,17.081564083888132,7
170,8,17.234508135031557,7
170,9,17.541955640145666,7
171,0,13.245999115291243,5
171,1,13.491401774419689,5
171,2,13.217105175292943,5
171,3,13.478058956568843,5
171,4,13.600476894977302,5
171,5,15.754258872860003,5
171,6,16.132979708741864,5
171,7,16.1242826459229,5
171,8,15.968818306400577,5
171,9,15.642146812479965,5
172,0,10.805528734144357,3
172,1,10.857684212665129,3
172,2,11.0682838950196,3
172,3,14.174955758683204,3
172,4,12.909806715842384,3
172,5,13.482837614675681,3
172,6,13.90592413873515,3
172,7,13.520694062162693,3
172,8,14.740615664699085,3
172,9,13.482673459247264,3
173,0,8.63593019177049,7
173,1,8.174482708163975,7
173,2,8.498123213038818,7
173,3,8.898352535808796,7
173,4,9.297037611764331,7
173,5,9.133432997622252,7
173,6,9.703443005277833,7
173,7,11.12640292531413,7
173,8,11.107801315690963,7
173,9,12.72587813425016,7
174,0,7.97229588075418,5
174,1,7.51543628304389,5
174,2,7.62804517490913,5
174,3,7.603837098767494,5
174,4,8.643461733961557,5
174,5,10.092988409586544,5
174,6,10.438858293861408,5
174,7,10.44342271881403,5
174,8,10.94092326000363,5
174,9,10.251805009591154,5
175,0,11.844499763106223,7
175,1,12.594434559768526,7
175,2,12.882765548527678,7
175,3,12.84855206272655,7
175,4,12.377559041629066,7
175,5,13.221028327223427,7
175,6,12.610355442629912,7
175,7,14.821516583784538,7
175,8,14.71030914381673,7
175,9,15.932865080503746,7
176,0,10.842209220807952,3
176,1,10.927995138133713,3
176,2,11.349104160865501,3
176,3,14.23182307441364,3
176,4,12.0708853983392,3
176,5,12.656310159855723,3
176,6,12.817410908207014,3
176,7,12.80008863910293,3
176,8,12.786706826492422,3
176,9,13.275671918266594,3
177,0,10.351984949138519,3
177,1,11.227807990551927,3
177,2,11.186135967497528,3
177,3,13.50080113916505,3
177,4,13.614151032602349,3
177,5,13.76179023349656,3
177,6,13.37358233837128,3
177,7,14.720858508100054,3
177,8,13.877502365024272,3
177,9,12.929044430470825,3
178,0,6.0096401531685055,7
178,1,5.740576531537706,7
178,2,6.719495340627268,7
178,3,6.749925414024947,7
178,4,6.676615177101886,7
178,5,8.016291082251872,7
178,6,7.385319463090069,7
178,7,9.573877206774782,7
178,8,8.845291282080561,7
178,9,8.911255580386108,7
179,0,11.873279712664838,7
179,1,12.041380532942473,7
179,2,11.126721179559132,7
179,3,12.064723451691595,7
179,4,12.261913004553113,7
179,5,12.247302380230796,7
179,6,12.048181756943022,7
179,7,14.285109372155791,7
179,8,14.566447366329964,7
179,9,14.800276974921385,7
180,0,11.21123646770401,5
180,1,11.54926877890416,5
180,2,10.9616668146651,5
180,3,10.980762578371047,5
180,4,11.527668513195879,5
180,5,13.714263134634153,5
180,6,13.291740459799282,5
180,7,14.004037414911812,5
180,8,14.198633347006714,5
180,9,14.454683909258064,5
181,0,8.668299084530956,7
181,1,7.445930561841324,7
181,2,7.9860877358373,7
181,3,8.084777479480374,7
181,4,8.13010184690479,7
181,5,7.954507171365976,7
181,6,7.636357629555508,7
181,7,10.525478354185545,7
181,8,10.19496080139709,7
181,9,10.722135371544857,7
182,0,8.659928614250674,7
182,1,8.60712121217793,7
182,2,9.37409956528855,7
182,3,9.43241114850335,7
182,4,9.74659137076057,7
182,5,10.649882268308914,7
182,6,9.795595150705525,7
182,7,11.999491268632166,7
182,8,11.31816972066644,7
182,9,11.313496664831915,7
183,0,11.318849132099707,5
183,1,10.165694518746388,5
183,2,10.205462372978719,5
183,3,10.807884948104764,5
183,4,10.882338202024346,5
183,5,12.576181155491394,5
183,6,12.974947799356489,5
183,7,13.842122267538091,5
183,8,12.924437604297141,5
183,9,12.730598166529955,5
184,0,10.576230407162383,7
184,1,10.451082052681505,7
184,2,9.994674286388156,7
184,3,9.613850088649029,7
184,4,10.132621918493205,7
184,5,10.577581378287851,7
184,6,11.287769641654396,7
184,7,12.286642609277656,7
184,8,12.862673655956751,7
184,9,13.342505926659936,7
185,0,8.22502395833193,3
185,1,10.032550712362339,3
185,2,9.02443234228967,3
185,3,11.881655375121356,3
185,4,11.93899920319826,3
185,5,12.457950824124811,3
185,6,12.29111981883966,3
185,7,10.927012382527899,3
185,8,11.823268004814894,3
185,9,12.38476019306953,3
186,0,9.695533520808185,3
186,1,10.131828828746462,3
186,2,10.38770674170293,3
186,3,12.397249332082918,3
186,4,12.085885992590846,3
186,5,11.369854958307839,3
186,6,12.16528283944067,3
186,7,12.701207537937554,3
186,8,12.04779983759284,3
186,9,13.008660828928866,3
187,0,9.950241892219882,7
187,1,9.65947873173415,7
187,2,8.164155310430031,7
187,3,9.157001062230329,7
187,4,10.83913982286427,7
187,5,9.72277634707204,7
187,6,9.10397363202173,7
187,7,12.813668937741365,7
187,8,12.302723039358066,7
187,9,12.948515488065093,7
188,0,10.44360436181462,5
188,1,10.634404592311022,5
188,2,10.686629648062194,5
188,3,10.953869180165437,5
188,4,11.843840248482987,5
188,5,13.290628192184531,5
188,6,12.114955365282169,5
188,7,13.228455781844389,5
188,8,13.675865408256547,5
188,9,13.80647542747301,5
189,0,12.729681454456763,3
189,1,13.625456168580376,3
189,2,13.606855145761916,3
189,3,16.52924266447118,3
189,4,14.967983077862058,3
189,5,15.1892836577861,3
189,6,15.389924421756335,3
189,7,15.397872870966925,3
189,8,15.297973571104512,3
189,9,14.461646193149441,3
190,0,4.649333381275838,7
190,1,5.151362147987356,7
190,2,4.82007219538445,7
190,3,6.1343737099019595,7
190,4,5.2733710244953365,7
190,5,6.012197645729472,7
190,6,5.59739332450239,7
190,7,7.979886773084034,7
190,8,7.806303895104186,7
190,9,8.451075434089187,7
191,0,9.554269146046833,3
191,1,9.874359825025024,3
191,2,9.909465937805653,3
191,3,11.682156741916973,3
191,4,12.128790630442971,3
191,5,13.143492594079474,3
191,6,11.991100999932911,3
191,7,12.436031917407256,3
191,8,12.955188946415355,3
191,9,12.996426111452772,3
192,0,10.358883051604577,7
192,1,9.261330491266213,7
192,2,10.811376252069126,7
192,3,9.543287713433369,7
192,4,11.48799345821551,7
192,5,10.937761778341525,7
192,6,11.452861852680888,7
192,7,12.601969273654367,7
192,8,12.376771106094868,7
192,9,13.383402034815477,7
193,0,10.575186259396128,3
193,1,10.446217566295616,3
193,2,10.83431861974058,3
193,3,14.27570592539033,3
193,4,13.409250753058728,3
193,5,13.61673728230586,3
193,6,13.613956425150876,3
193,7,14.031719051300295,3
193,8,13.296952142923827,3
193,9,12.464607325536553,3
194,0,9.161877770854415,7
194,1,9.76203869235567,7
194,2,8.971270639799883,7
194,3,9.467987862112755,7
194,4,9.310285965856263,7
194,5,10.507185463278985,7
194,6,10.2308993450607,7
194,7,12.2819411476794,7
194,8,12.366971493917907,7
194,9,12.137546211081357,7
195,0,6.585334576306587,7
195,1,5.993964144776676,7
195,2,5.5933354456675515,7
195,3,6.861597000215347,7
195,4,7.048551563178908,7
195,5,7.591188719255523,7
195,6,7.872224343084019,7
195,7,9.971555677542309,7
195,8,8.787544638395897,7
195,9,9.21042391756795,7
196,0,10.896158115368909,7
196,1,12.021943306299306,7
196,2,11.596040569285176,7
196,3,11.51568954842741,7
196,4,10.862096989653574,7
196,5,10.714391151850656,7
196,6,11.650444909119837,7
196,7,12.805660335311037,7
196,8,13.336772791938069,7
196,9,13.498601992927258,7
197,0,14.251156472889773,5
197,1,13.37735177684853,5
197,2,12.43507560904206,5
197,3,14.006922752159603,5
197,4,13.505189501776407,5
197,5,15.976015940547242,5
197,6,16.011348077907304,5
197,7,16.017848430419484,5
197,8,16.649870719220722,5
197,9,15.588267989152017,5
198,0,6.673770077690544,5
198,1,7.374296146726414,5
198,2,6.82523480249554,5
198,3,6.427873835532738,5
198,4,7.666554861796093,5
198,5,9.993824505388494,5
198,6,9.509779586346221,5
198,7,8.651854390932957,5
198,8,10.085262063517133,5
198,9,9.00233324945788,5
199,0,11.88205566582046,7
199,1,11.383924115025296,7
199,2,11.347736384512894,7
199,3,11.806701018856533,7
199,4,12.036007249182747,7
199,5,11.905551902203152,7
199,6,12.62200766650395,7
199,7,14.204621338166959,7
199,8,15.017751463232289,7
199,9,14.768242610218117,7
200,0,8.99417095045606,3
200,1,9.00997961183807,3
200,2,8.719201404230493,3
200,3,11.788316142687625,3
200,4,11.565655780128534,3
200,5,10.656851789722456,3
200,6,11.675092117369513,3
200,7,11.592432539126737,3
200,8,12.930788349839544,3
200,9,11.391560247807558,3
201,0,9.156675908475279,7
201,1,10.532336129895155,7
201,2,10.755732887074286,7
201,3,9.804859838979485,7
201,4,9.96130839693785,7
201,5,10.685469006618963,7
201,6,9.31380140986965,7
201,7,11.646754466089527,7
201,8,12.536984607916951,7
201,9,13.552296591406868,7
202,0,7.676337934508732,5
202,1,8.044671374459679,5
202,2,8.661097614874107,5
202,3,9.247645345231176,5
202,4,8.005778742017945,5
202,5,10.385784616725388,5
202,6,11.405230589263523,5
202,7,9.833103340996386,5
202,8,11.207993513869013,5
202,9,10.285045212411474,5
203,0,9.382323838839826,5
203,1,9.309778131588109,5
203,2,9.052081854937631,5
203,3,9.13953669145911,5
203,4,9.869294837415124,5
203,5,12.328857319369588,5
203,6,11.866219553693995,5
203,7,12.066144234654855,5
203,8,12.41667468843377,5
203,9,11.745278268781767,5
204,0,12.969935443604378,5
204,1,13.10976073792779,5
204,2,14.10190233877312,5
204,3,12.712037094118125,5
204,4,12.771048288563852,5
204,5,15.484572125184789,5
204,6,15.609641273853985,5
204,7,15.03254561270956,5
204,8,15.198507850932893,5
204,9,15.770654608506938,5
205,0,10.751518363608083,5
205,1,11.060043489967907,5
205,2,11.41010686765963,5
205,3,11.963279826386543,5
205,4,11.263011175885644,5
205,5,12.744118252960078,5
205,6,12.807011750216308,5
205,7,13.235603950622346,5
205,8,13.308726624875446,5
205,9,13.98800510466546,5
206,0,12.870183134021085,3
206,1,13.213245730909286,3
206,2,13.277580268328862,3
206,3,15.544369280395891,3
206,4,16.52587537658145,3
206,5,16.295597005535146,3
206,6,16.07268791845789,3
206,7,15.934110070529467,3
206,8,16.04800688250838,3
206,9,16.52849644579586,3
207,0,12.646908314631531,3
207,1,12.001015024905087,3
207,2,12.573064155762502,3
207,3,13.639013993623873,3
207,4,14.860680670040686,3
207,5,15.23589839893473,3
207,6,14.814789464514948,3
207,7,15.963087276025439,3
207,8,14.714204554237362,3
207,9,15.363543985607018,3
208,0,10.860260984526175,3
208,1,10.928024524137449,3
208,2,11.021012273856778,3
208,3,13.231725872863889,3
208,4,13.702152729591003,3
208,5,14.067041475996525,3
208,6,13.477048235607073,3
208,7,13.985831393944968,3
208,8,13.327289884725761,3
208,9,14.161151084222269,3
209,0,13.10687329042209,3
209,1,14.133199020379651,3
209,2,14.793189491032203,3
209,3,15.72682710834989,3
209,4,14.79159730693188,3
209,5,15.713832585713174,3
209,6,16.703806619480236,3
209,7,16.46440744584821,3
209,8,16.412325851673103,3
209,9,16.892203230313005,3
210,0,11.12021303710081,5
210,1,11.586848911202166,5
210,2,11.53769815580009,5
210,3,11.938836543845078,5
210,4,11.457384359429726,5
210,5,13.830616018223575,5
210,6,13.324422780933705,5
210,7,13.277255911697095,5
210,8,14.531370137686086,5
210,9,13.886088655637943,5
211,0,12.058416636525308,7
211,1,11.817846360799813,7
211,2,11.562718528134136,7
211,3,11.96146779988532,7
211,4,12.773973362477976,7
211,5,12.43359639073383,7
211,6,11.400239773728888,7
211,7,14.24835412530604,7
211,8,15.347123249946476,7
211,9,14.44907792266914,7
212,0,8.506618747063493,5
212,1,10.453382535641856,5
212,2,9.94805434783698,5
212,3,9.671851663524185,5
212,4,9.62114922488955,5
212,5,12.448034057826451,5
212,6,11.735866392817487,5
212,7,12.680986305188577,5
212,8,12.477955735792712,5
212,9,12.429199055674259,5
213,0,10.205849034386206,5
213,1,10.14560761336132,5
213,2,10.855911691823042,5
213,3,10.000420215667493,5
213,4,9.722129068303305,5
213,5,12.940311693164647,5
213,6,13.048710795751983,5
213,7,13.073212207974292,5
213,8,13.13695581652743,5
213,9,12.872821442549636,5
214,0,8.99889370559221,7
214,1,8.682373290022175,7
214,2,8.561595572991857,7
214,3,8.749206697271747,7
214,4,10.015472202787363,7
214,5,8.237664312376731,7
214,6,9.455046405547346,7
214,7,10.465597139587588,7
214,8,11.351035684237962,7
214,9,11.288338610822354,7
215,0,10.936653720849767,5
215,1,12.273686664406586,5
215,2,11.989148838093607,5
215,3,11.229564697909083,5
215,4,12.798951914576833,5
215,5,15.196670958184173,5
215,6,15.32423004033799,5
215,7,14.85864608951544,5
215,8,14.802196938478264,5
215,9,15.543246179637604,5
216,0,8.484584546440319,3
216,1,8.310177105208082,3
216,2,7.372623952655369,3
216,3,10.04406518037773,3
216,4,10.263150825915982,3
216,5,9.238584269311653,3
216,6,10.478073083580657,3
216,7,11.479888666759964,3
216,8,10.763360836670664,3
216,9,11.280099294491146,3
217,0,11.656158049899675,7
217,1,11.628091522843413,7
217,2,11.95533637987581,7
217,3,11.456787360843107,7
217,4,11.482813091218128,7
217,5,12.697852963420006,7
217,6,12.850871856268581,7
217,7,13.769147527041646,7
217,8,14.848700087112256,7
217,9,14.421220697032313,7
218,0,9.788602172234896,5
218,1,9.948807204707212,5
218,2,10.315873119051838,5
218,3,9.960056985921275,5
218,4,10.72377888264065,5
218,5,12.273404304869644,5
218,6,12.530790021224446,5
218,7,11.902066589221057,5
218,8,13.498027390342099,5
218,9,12.753610346592165,5
219,0,12.698992899607187,5
219,1,11.638401281328868,5
219,2,12.131143175395087,5
219,3,13.261436030894005,5
219,4,12.885939746080942,5
219,5,13.885604319520176,5
219,6,15.461639151426548,5
219,7,14.770602784758276,5
219,8,15.848152679872996,5
219,9,15.19857634763279,5
220,0,11.604091320472785,5
220,1,12.191215266758345,5
220,2,11.252991492035187,5
220,3,11.305314573545552,5
220,4,11.803488767263467,5
220,5,14.415324377273132,5
220,6,13.436299351155775,5
220,7,13.36772067751797,5
220,8,14.713598440984416,5
220,9,14.100248821179019,5
221,0,13.445179308833461,5
221,1,12.81288711432352,5
221,2,13.501802658117612,5
221,3,13.937508666978028,5
221,4,14.50648124410505,5
221,5,15.755677232176286,5
221,6,17.069980375409852,5
221,7,15.9990143032037,5
221,8,16.099746414501013,5
221,9,17.309971091242502,5
222,0,11.567279458459248,3
222,1,11.285537017771501,3
222,2,11.583982816686992,3
222,3,14.43808617104832,3
222,4,14.594650792090132,3
222,5,13.553152792642162,3
222,6,14.040332477237737,3
222,7,14.206627796111077,3
222,8,13.768429327018993,3
222,9,14.333706855952293,3
223,0,6.858580918919369,5
223,1,7.526024228161886,5
223,2,7.659632002849119,5
223,3,6.991314789514014,5
223,4,7.148942916763113,5
223,5,9.688065639721337,5
223,6,9.163325264230014,5
223,7,9.85023956456222,5
223,8,9.611966245008912,5
223,9,9.271220199824208,5
224,0,9.387675297763776,7
224,1,10.68962300221915,7
224,2,9.98788291463195,7
224,3,10.986270701152755,7
224,4,10.009275523846144,7
224,5,10.511696254769346,7
224,6,11.662432015712719,7
224,7,12.037400281871959,7
224,8,11.717186404253711,7
224,9,13.409388719847216,7
225,0,7.242581062113832,3
225,1,7.745632432757251,3
225,2,7.563026509584576,3
225,3,10.090067005288025,3
225,4,9.580717511217497,3
225,5,10.066015570868716,3
225,6,10.480893278088637,3
225,7,9.851831171673238,3
225,8,10.105943599987423,3
225,9,10.382294198011103,3
226,0,8.249032598154312,5
226,1,8.852159823868078,5
226,2,9.222838585218902,5
226,3,9.063665844473238,5
226,4,9.227752068801589,5
226,5,11.45348947981416,5
226,6,11.235568584051293,5
226,7,12.008971598200889,5
226,8,12.48142937766834,5
226,9,11.631250119169728,5
227,0,13.265055982292298,3
227,1,13.00264828883612,3
227,2,13.405200539072696,3
227,3,16.105346632155072,3
227,4,15.676786638062493,3
227,5,14.635749597148603,3
227,6,15.849454682276923,3
227,7,16.33888873820795,3
227,8,15.711658781554393,3
227,9,16.42027426961236,3
228,0,10.930009851219419,5
228,1,10.632298042034254,5
228,2,11.545652131211712,5
228,3,10.696829261422236,5
228,4,11.555182115348597,5
228,5,14.418488753118144,5
228,6,12.920186168922251,5
228,7,13.335319223838443,5
228,8,13.559051499214604,5
228,9,14.143407691939913,5
229,0,8.419280750019402,5
229,1,9.40170733369055,5
229,2,9.279313307388355,5
229,3,9.149775615876807,5
229,4,9.074954300014449,5
229,5,11.298754031334921,5
229,6,10.771147965185818,5
229,7,11.730744319620813,5
229,8,10.846117015662907,5
229,9,11.919827639793622,5
230,0,8.565636518178618,7
230,1,8.177997568163246,7
230,2,8.084458737638213,7
230,3,8.47272022127404,7
230,4,6.941806082068867,7
230,5,8.623694376361934,7
230,6,8.5158882681993,7
230,7,10.647251210590706,7
230,8,11.125831523568117,7
230,9,10.835180806336838,7
231,0,9.495460757426942,3
231,1,10.094862850339831,3
231,2,10.299341927792932,3
231,3,12.423031141543028,3
231,4,12.546523869395056,3
231,5,13.085248708211799,3
231,6,12.122546909235448,3
231,7,12.853414413834946,3
231,8,13.510529035061642,3
231,9,12.098258437283924,3
232,0,7.656703041627771,3
232,1,7.3741904502512226,3
232,2,7.581524509001192,3
232,3,9.414475949630534,3
232,4,9.882104343387521,3
232,5,10.987507508451198,3
232,6,9.534664520649137,3
232,7,9.682074699998331,3
232,8,9.715912416155993,3
232,9,11.330588844551794,3
233,0,8.426549592446193,5
233,1,8.744899915032999,5
233,2,8.656327974653717,5
233,3,8.485508006005292,5
233,4,8.94014412189962,5
233,5,12.386841248075116,5
233,6,11.953754905693964,5
233,7,10.9312505363107,5
233,8,11.78150649673768,5
233,9,11.14195805887365,5
234,0,9.735835123679378,7
234,1,11.233774401934802,7
234,2,11.404065366424263,7
234,3,11.447045068626439,7
234,4,10.789086318492702,7
234,5,11.040631076101494,7
234,6,11.598901719931549,7
234,7,13.519766961776542,7
234,8,13.227200207453967,7
234,9,12.714483033043406,7
235,0,12.367561669284399,7
235,1,12.950128891831449,7
235,2,11.911829927696314,7
235,3,12.930003763051383,7
235,4,12.87639491978024,7
235,5,13.18569820382956,7
235,6,13.346611822072896,7
235,7,14.663391451250716,7
235,8,14.302144372130922,7
235,9,14.943864309371953,7
236,0,11.662086603212382,3
236,1,11.046520992685894,3
236,2,11.070501282520057,3
236,3,12.60684777348656,3
236,4,14.49384672172435,3
236,5,14.130379765161534,3
236,6,14.20247093508626,3
236,7,14.401385637838615,3
236,8,14.305877125220581,3
236,9,13.995358516859115,3
237,0,5.3355389307426995,3
237,1,5.303638800507737,3
237,2,6.9347913600113005,3
237,3,7.995376998453521,3
237,4,7.585520762128083,3
237,5,8.15016936988694,3
237,6,7.511986523875642,3
237,7,8.869674342098413,3
237,8,7.88688643490023,3
237,9,8.567963699115033,3
238,0,11.141722272932087,7
238,1,10.901117730163016,7
238,2,10.85596845397034,7
238,3,10.914134500488528,7
238,4,10.980512909616968,7
238,5,10.82038421359677,7
238,6,10.983991743175668,7
238,7,14.048528644885987,7
238,8,13.354465141717942,7
238,9,13.115835323369135,7
239,0,9.885918348034402,3
239,1,10.794252486813768,3
239,2,10.681870463047394,3
239,3,12.724231735581286,3
239,4,12.41530654701026,3
239,5,12.930748381551629,3
239,6,12.422286583989832,3
239,7,12.714260130792269,3
239,8,13.42896939016103,3
239,9,13.481205985924689,3
240,0,10.336825647769984,7
240,1,10.500017344291098,7
240,2,11.08213164715209,7
240,3,11.990846758080142,7
240,4,10.26999798851089,7
240,5,11.466947040530638,7
240,6,10.739758904958812,7
240,7,13.210615073982613,7
240,8,13.445566361713265,7
240,9,13.517526399026941,7
241,0,12.96552139347281,3
241,1,13.336022893490599,3
241,2,13.164791579987124,3
241,3,14.80119067087534,3
241,4,16.0223541695638,3
241,5,16.108855446876856,3
241,6,16.254006518313748,3
241,7,15.162052115170372,3
241,8,16.18187843959449,3
241,9,16.470408791205877,3
242,0,5.357922412170722,7
242,1,5.978110070481579,7
242,2,6.015390123735331,7
242,3,7.094598775674646,7
242,4,7.235771464896802,7
242,5,5.541345249725414,7
242,6,7.720486949254509,7
242,7,8.115910585813852,7
242,8,9.163860093554227,7
242,9,9.25877243682238,7
243,0,8.319948036196886,3
243,1,9.164427046537337,3
243,2,8.964026277484756,3
243,3,11.394958151933984,3
243,4,11.333129300808102,3
243,5,11.915962892302911,3
243,6,11.45549292119082,3
243,7,11.433856114904632,3
243,8,12.16582526614638,3
243,9,12.00799113204709,3
244,0,11.547719342747154,5
244,1,10.949519309457411,5
244,2,10.859181254887472,5
244,3,11.19795157396036,5
244,4,11.271401952746416,5
244,5,14.074912279913168,5
244,6,14.269804670733736,5
244,7,13.804247500820509,5
244,8,14.697272154998887,5
244,9,14.766047342469275,5
245,0,6.958510659292385,5
245,1,6.525865315320595,5
245,2,7.824499525809886,5
245,3,7.106302525577911,5
245,4,7.299893799307603,5
245,5,9.16700868828883,5
245,6,8.991916037943517,5
245,7,8.80249148593447,5
245,8,9.95324536287076,5
245,9,9.345110674143806,5
246,0,14.48166371060543,3
246,1,12.508861304800778,3
246,2,12.523206858616332,3
246,3,15.506967453913738,3
246,4,16.116554835590666,3
246,5,15.484192924578629,3
246,6,15.838019306200653,3
246,7,14.730124387377662,3
246,8,15.413142323261134,3
246,9,15.315090231538234,3
247,0,9.789190300427377,5
247,1,10.89520334241326,5
247,2,9.8152994145961,5
247,3,10.375615242357593,5
247,4,10.868116328394608,5
247,5,12.82107030742578,5
247,6,13.53491747650485,5
247,7,13.589503321352556,5
247,8,13.983612598369046,5
247,9,14.012905091757656,5
248,0,12.263574366367498,5
248,1,11.792208771682281,5
248,2,12.044901422095142,5
248,3,12.248924822646405,5
248,4,12.16399632038232,5
248,5,13.994570816728272,5
248,6,14.126946704516923,5
248,7,13.984388772521825,5
248,8,14.703976386641724,5
248,9,14.546160384644232,5
249,0,8.526525801638028,7
249,1,8.626990267294115,7
249,2,8.452913313065016,7
249,3,9.647533347575012,7
249,4,9.297421511722305,7
249,5,8.926712667169776,7
249,6,9.86238655175742,7
249,7,11.277888272059224,7
249,8,10.954862363450296,7
249,9,12.268723821565978,7
250,0,11.358978885149364,7
250,1,11.523077834828026,7
250,2,11.848117390107008,7
250,3,12.498821991327478,7
250,4,12.037546025365577,7
250,5,11.527968816859806,7
250,6,12.49946588198851,7
250,7,14.085032517801558,7
250,8,15.371489365697155,7
250,9,14.526967518933475,7
251,0,11.019425363028745,5
251,1,12.415625598055914,5
251,2,13.30924200810819,5
251,3,13.224903256250773,5
251,4,13.45242025635636,5
251,5,14.127063019287345,5
251,6,15.193019309966466,5
251,7,14.47594584210972,5
251,8,15.04908781168654,5
251,9,14.400466897608212,5
252,0,10.143528157832979,5
252,1,10.227632691592529,5
252,2,11.115033680345645,5
252,3,11.166115601109166,5
252,4,11.004165904939748,5
252,5,12.290545331246644,5
252,6,12.909936323299478,5
252,7,12.792697798802974,5
252,8,13.700593918621584,5
252,9,13.95484846668293,5
253,0,10.996994578412835,5
253,1,10.191192075688882,5
253,2,9.299035224252652,5
253,3,9.885320836332365,5
253,4,11.579615274438497,5
253,5,12.76817431573748,5
253,6,12.693439476264835,5
253,7,13.990131932115508,5
253,8,13.901381758141557,5
253,9,13.381026146357286,5
254,0,10.393984933031463,5
254,1,10.574635872156888,5
254,2,10.854267877757183,5
254,3,11.640710119223256,5
254,4,11.151920190682064,5
254,5,13.403700995083021,5
254,6,13.725321533098537,5
254,7,12.65584847805124,5
254,8,13.718117424800473,5
254,9,13.293402101232646,5
255,0,7.015261872634854,7
255,1,7.309224699528331,7
255,2,7.964250664761893,7
255,3,8.838921084817528,7
255,4,8.730209253191386,7
255,5,8.865492824109069,7
255,6,9.848781211864583,7
255,7,10.33876466309133,7
255,8,11.059592793429376,7
255,9,11.325527231928145,7
256,0,9.336806081250126,3
256,1,9.819106012060763,3
256,2,9.10496797247712,3
256,3,12.709895748156809,3
256,4,11.764135363254077,3
256,5,13.220642721908545,3
256,6,12.288705477560566,3
256,7,12.918969422218884,3
256,8,12.478291205023718,3
256,9,12.589570723389029,3
257,0,9.402940268484278,3
257,1,9.854516899778421,3
257,2,10.053954282302305,3
257,3,11.602825680637693,3
257,4,12.032432727165341,3
257,5,11.889905502066725,3
257,6,13.444786969902701,3
257,7,12.350089550139472,3
257,8,13.267571010943563,3
257,9,12.497143769691439,3
258,0,10.896431549474444,5
258,1,10.206105692884355,5
258,2,10.743251432773057,5
258,3,11.172055064101615,5
258,4,11.959789644186925,5
258,5,13.377779117545126,5
258,6,14.05864790930349,5
258,7,13.78715228380845,5
258,8,14.380488398439335,5
258,9,13.637266620054463,5
259,0,13.194759849146491,3
259,1,11.856950392363526,3
259,2,11.816417576721753,3
259,3,13.694622068976072,3
259,4,15.565160829599623,3
259,5,14.909372280129537,3
259,6,14.432588127130433,3
259,7,15.324159842257336,3
259,8,15.14349458637948,3
259,9,15.882712229508384,3
260,0,7.109011419673227,3
260,1,7.850247781886054,3
260,2,7.851667144071769,3
260,3,9.196086497838882,3
260,4,10.813091438433029,3
260,5,10.247729558141502,3
260,6,10.852743438536463,3
260,7,11.762813803207987,3
260,8,10.506305990129379,3
260,9,10.572351344714605,3
261,0,9.809314024222843,3
261,1,10.34360561585255,3
261,2,9.66662542670577,3
261,3,11.73450114079478,3
261,4,12.678576574481529,3
261,5,12.439301601279864,3
261,6,11.327617807858434,3
261,7,11.83728603962629,3
261,8,13.300599871274452,3
261,9,12.850946080900252,3
262,0,12.581813129799322,7
262,1,12.977706266700455,7
262,2,13.16952943171878,7
262,3,13.630777775458029,7
262,4,12.683779397888552,7
262,5,13.042436525982717,7
262,6,13.69938897274964,7
262,7,15.61299380507022,7
262,8,16.0488406866363,7
262,9,15.248157396638147,7
263,0,8.691387880510533,7
263,1,9.158615352063608,7
263,2,8.956232815949512,7
263,3,8.882379412255668,7
263,4,8.864881741091887,7
263,5,8.59539796598912,7
263,6,9.076824246154978,7
263,7,11.842676468815073,7
263,8,11.25330928907481,7
263,9,10.967921547700666,7
264,0,8.109376421036666,7
264,1,8.555925114057324,7
264,2,8.368742966828934,7
264,3,8.898151606950929,7
264,4,9.016921845793874,7
264,5,9.299991555621682,7
264,6,9.667279701551875,7
264,7,11.553429327605539,7
264,8,10.68838043334538,7
264,9,10.803732742131222,7
265,0,10.366726645432475,5
265,1,10.27902470504268,5
265,2,10.035449020181915,5
265,3,10.483766486575892,5
265,4,10.567355916852868,5
265,5,12.568688513781785,5
265,6,12.846717640584885,5
265,7,13.693837808821552,5
265,8,13.304231404287007,5
265,9,14.540516921690122,5
266,0,11.774024473980464,7
266,1,11.643737494002014,7
266,2,11.890836822298072,7
266,3,12.11701637019241,7
266,4,12.306397359556172,7
266,5,13.227126043900151,7
266,6,11.866110148481855,7
266,7,14.818293410059507,7
266,8,14.592645679777702,7
266,9,13.803221509685331,7
267,0,10.4082015021687,3
267,1,10.75666389152327,3
267,2,9.794263909232603,3
267,3,12.318385177175333,3
267,4,11.560174980117468,3
267,5,11.89344888127915,3
267,6,13.146866899929945,3
267,7,12.489643858117601,3
267,8,12.2684506236523,3
267,9,13.037582293350534,3
268,0,12.396714965158468,7
268,1,12.522510351986211,7
268,2,13.22758419371143,7
268,3,12.377054501406807,7
268,4,12.605238574533063,7
268,5,13.234961176948413,7
268,6,13.742626076248081,7
268,7,15.977001331618903,7
268,8,15.125390320693167,7
268,9,16.026609664333805,7
269,0,11.321516818397848,5
269,1,12.726692638586453,5
269,2,11.346702452423187,5
269,3,12.677827370528918,5
269,4,11.78534491172369,5
269,5,15.220211192530353,5
269,6,14.609248329559295,5
269,7,13.905579700428941,5
269,8,14.252468725361801,5
269,9,15.004178567744924,5
270,0,12.209962342587904,7
270,1,11.748282337917892,7
270,2,11.905969274261857,7
270,3,12.362816650102157,7
270,4,12.149539347285534,7
270,5,11.536887704110935,7
270,6,11.877153121460033,7
270,7,14.501200105355956,7
270,8,15.09138134202897,7
270,9,15.391631345861148,7
271,0,11.49799771303391,3
271,1,11.351878383166367,3
271,2,11.682639945639425,3
271,3,13.074857577544758,3
271,4,13.43161752251908,3
271,5,13.196167641978448,3
271,6,13.08386169729433,3
271,7,13.975007508466287,3
271,8,14.000989655940558,3
271,9,14.352059244902692,3
272,0,14.928362116138393,5
272,1,14.8766283363541,5
272,2,15.133614533530947,5
272,3,14.933964652578432,5
272,4,15.26175189830337,5
272,5,16.79223399934899,5
272,6,17.440159163511733,5
272,7,17.689515043335174,5
272,8,17.12046548665607,5
272,9,17.581222250188596,5
273,0,9.27787536745323,7
273,1,9.426423274009853,7
273,2,9.227211944716833,7
273,3,10.52256408485119,7
273,4,10.522519209627935,7
273,5,10.35839354938158,7
273,6,11.175774598239817,7
273,7,12.195053773983714,7
273,8,13.905557829823229,7
273,9,12.3759119145863,7
274,0,6.1205520917449805,5
274,1,5.894066458896868,5
274,2,6.379118195897125,5
274,3,6.710762879810094,5
274,4,6.335997219340431,5
274,5,9.381315339425784,5
274,6,8.712530058183702,5
274,7,8.828198108922072,5
274,8,8.338456568610113,5
274,9,9.102204953142165,5
275,0,13.141495112629599,5
275,1,13.004388858365637,5
275,2,13.020271518960099,5
275,3,14.844390412912624,5
275,4,13.476770097944764,5
275,5,14.980016012643647,5
275,6,15.459397993167995,5
275,7,15.882724803296174,5
275,8,16.281842239342524,5
275,9,16.38590698389694,5
276,0,9.42290841397461,3
276,1,8.862170984767683,3
276,2,9.454821359837121,3
276,3,10.94657140603106,3
276,4,11.174779646579344,3
276,5,11.125746650836218,3
276,6,11.090406710787214,3
276,7,12.316705882515352,3
276,8,12.228906988575794,3
276,9,12.472933823075413,3
277,0,10.235417421698214,5
277,1,10.704164738118639,5
277,2,9.535116186364792,5
277,3,10.947304647708744,5
277,4,10.704320803688582,5
277,5,13.029315688760649,5
277,6,13.005772538210373,5
277,7,12.422233311417623,5
277,8,12.266741000990544,5
277,9,12.759733805594585,5
278,0,12.90156001035751,3
278,1,13.064147077308752,3
278,2,12.135130231030121,3
278,3,14.428551685986948,3
278,4,14.657483526750635,3
278,5,14.940448839587647,3
278,6,14.538075954294728,3
278,7,14.608075486650987,3
278,8,15.008183721517279,3
278,9,15.562228287833557,3
279,0,6.205183748005404,3
279,1,6.837579162896266,3
279,2,7.524757325953058,3
279,3,8.444591049175393,3
279,4,9.092258038676881,3
279,5,9.807859284757535,3
279,6,9.186346722700245,3
279,7,9.20864607245294,3
279,8,10.177228825035385,3
279,9,9.542379878396376,3
280,0,8.048953084390506,7
280,1,7.81118826735132,7
280,2,7.525283245332804,7
280,3,8.036550837086487,7
280,4,8.056930328710742,7
280,5,8.507146982288958,7
280,6,7.822532802855212,7
280,7,10.21730860517853,7
280,8,10.265947731985404,7
280,9,10.748779642607614,7
281,0,6.284854528540205,5
281,1,7.40593264988122,5
281,2,7.230608511847501,5
281,3,6.438981588945819,5
281,4,7.801575538502544,5
281,5,10.414490666161159,5
281,6,9.898361110536998,5
281,7,10.210936509375527,5
281,8,9.640129816563586,5
281,9,8.866691665893036,5
282,0,7.489667194365389,5
282,1,8.639268441883031,5
282,2,8.315738016084161,5
282,3,8.254439280785476,5
282,4,8.780354077964814,5
282,5,11.219520063879797,5
282,6,10.285348646568078,5
282,7,10.887288609808959,5
282,8,11.96666276150931,5
282,9,10.774083229838466,5
283,0,11.314153805616465,5
283,1,10.736907831259488,5
283,2,11.352170091958962,5
283,3,11.72793696563542,5
283,4,11.649914095526498,5
283,5,13.833853013140924,5
283,6,12.903476445330007,5
283,7,14.136103065404635,5
283,8,13.252926654716576,5
283,9,13.909044094819755,5
284,0,11.177498779124155,7
284,1,11.390936965060332,7
284,2,11.416854023655636,7
284,3,10.92647069636318,7
284,4,10.773441979477685,7
284,5,11.984550025606426,7
284,6,11.741292974384999,7
284,7,14.32306410610445,7
284,8,13.82600921853161,7
284,9,13.245793505287063,7
285,0,11.03561319915916,3
285,1,10.467363053826553,3
285,2,10.923550087367618,3
285,3,12.528818644417349,3
285,4,13.774699213773953,3
285,5,12.614265946565508,3
285,6,12.98383348160402,3
285,7,13.306272710005764,3
285,8,12.806457195113628,3
285,9,13.617808122950905,3
286,0,7.980423470949011,5
286,1,7.029237151868411,5
286,2,7.57203964173113,5
286,3,6.0997505391959885,5
286,4,7.555003631972847,5
286,5,9.517947089252164,5
286,6,9.365219431010074,5
286,7,10.415193467029534,5
286,8,9.811346391403351,5
286,9,9.985729488668474,5
287,0,5.191196689340177,3
287,1,4.521385190852174,3
287,2,5.0137999066962315,3
287,3,8.16033986979482,3
287,4,6.724817803294727,3
287,5,7.496635451926859,3
287,6,7.77993309858983,3
287,7,8.951604060380495,3
287,8,8.564095009482896,3
287,9,8.001207863208164,3
288,0,10.760964019338541,5
288,1,9.838449260530204,5
288,2,10.813257072647767,5
288,3,9.729268547819258,5
288,4,11.045336086675343,5
288,5,12.40564034804527,5
288,6,12.194455050310129,5
288,7,12.700135364242607,5
288,8,13.047379260640872,5
288,9,12.76133295551791,5
289,0,9.33342468572099,7
289,1,8.864950990891295,7
289,2,9.566634129689007,7
289,3,9.577558963741629,7
289,4,9.425986405369361,7
289,5,9.335756776540354,7
289,6,9.732218330605962,7
289,7,12.031574804240178,7
289,8,12.887347509089134,7
289,9,12.42615814362242,7
290,0,11.406766518341144,5
290,1,12.563027640863364,5
290,2,11.376750781817144,5
290,3,11.461093299089075,5
290,4,11.67077908059405,5
290,5,12.914288554639096,5
290,6,13.296820725223846,5
290,7,13.365686910087055,5
290,8,14.042578532043004,5
290,9,13.731684262322624,5
291,0,11.47301896517969,7
291,1,12.047634562516771,7
291,2,12.035482621794609,7
291,3,11.623046750921917,7
291,4,11.46890970400343,7
291,5,12.471544618269135,7
291,6,12.390852842897473,7
291,7,13.300778843294848,7
291,8,14.0473302829884,7
291,9,14.386664983450922,7
292,0,10.66589772267788,5
292,1,10.831533611587249,5
292,2,10.6184358647051,5
292,3,10.869106629796793,5
292,4,10.708551265306442,5
292,5,12.439557020027083,5
292,6,12.745850668596736,5
292,7,12.985978457437417,5
292,8,13.059143239108069,5
292,9,12.233696411895629,5
293,0,11.321524503286991,7
293,1,11.648368997296283,7
293,2,11.579581174798856,7
293,3,11.696854272995916,7
293,4,12.164261856154,7
293,5,11.48078757722739,7
293,6,11.306245063776101,7
293,7,14.04618127533337,7
293,8,14.702323373502603,7
293,9,15.264042690495026,7
294,0,10.849486867777506,5
294,1,9.824290868295712,5
294,2,10.54223912854175,5
294,3,10.886739938770901,5
294,4,10.947218306691934,5
294,5,13.228075024701573,5
294,6,12.599898274999756,5
294,7,13.190894292005506,5
294,8,13.468584163118202,5
294,9,13.771258224881967,5
295,0,10.657270327896537,3
295,1,10.987550977581483,3
295,2,9.908220571166263,3
295,3,13.049398427414047,3
295,4,13.197921964717413,3
295,5,13.05033715711921,3
295,6,13.742935486319258,3
295,7,13.732156695180299,3
295,8,12.730522472414128,3
295,9,14.067883395853812,3
296,0,8.126491408865723,7
296,1,8.933497953855493,7
296,2,8.149727850395903,7
296,3,8.905656743525707,7
296,4,8.849071809816984,7
296,5,9.242204416735401,7
296,6,9.253002113085909,7
296,7,11.163071386749507,7
296,8,10.622517317238115,7
296,9,10.752049492529721,7
297,0,9.348833702790973,7
297,1,9.73663723037229,7
297,2,9.536653198737524,7
297,3,10.253383137626816,7
297,4,9.901166712731241,7
297,5,9.658270809947329,7
297,6,10.101729025843127,7
297,7,12.453707090495358,7
297,8,12.603219531749376,7
297,9,13.479966738333648,7
298,0,10.059097523312204,3
298,1,10.456812862518714,3
298,2,10.806614166723627,3
298,3,12.681840713713507,3
298,4,12.543243120319588,3
298,5,12.118923605141791,3
298,6,12.738134913787405,3
298,7,12.556700986955013,3
298,8,12.330248852752025,3
298,9,12.895712772478621,3
299,0,11.117511090451611,7
299,1,12.032950223481311,7
299,2,12.141602869541984,7
299,3,11.4891173060444,7
299,4,11.910942635553278,7
299,5,11.21193561977857,7
299,6,11.99388697574349,7
299,7,14.54054790118601,7
299,8,14.853525895641889,7
299,9,14.18453340998918,7
